{
  "timestamp": "2026-01-15T22:26:20.589395",
  "database": "exam_timetabling",
  "results": {
    "departments": {
      "category": "Reference Data",
      "avg_time_ms": 0.31403999992107856,
      "min_time_ms": 0.23669999973208178,
      "max_time_ms": 0.40239999998448184,
      "std_dev_ms": 0.06278031543688044,
      "median_time_ms": 0.3203000001121836,
      "row_count": 7,
      "all_timings": [
        0.23669999973208178,
        0.2755000000433938,
        0.33529999973325175,
        0.40239999998448184,
        0.3203000001121836
      ]
    },
    "formations": {
      "category": "Reference Data",
      "avg_time_ms": 0.2981600001476181,
      "min_time_ms": 0.2801000000545173,
      "max_time_ms": 0.3469000002951361,
      "std_dev_ms": 0.028668850734063625,
      "median_time_ms": 0.2814000004036643,
      "row_count": 10,
      "all_timings": [
        0.3469000002951361,
        0.3013999998984218,
        0.2814000004036643,
        0.28100000008635106,
        0.2801000000545173
      ]
    },
    "periods_with_planning": {
      "category": "Reference Data",
      "avg_time_ms": 0.31200000003082096,
      "min_time_ms": 0.2958000000035099,
      "max_time_ms": 0.35249999973530066,
      "std_dev_ms": 0.02317628083269412,
      "median_time_ms": 0.3021000002263463,
      "row_count": 2,
      "all_timings": [
        0.35249999973530066,
        0.30950000018492574,
        0.30010000000402215,
        0.2958000000035099,
        0.3021000002263463
      ]
    },
    "student_schedule": {
      "category": "Student Interface",
      "avg_time_ms": 1.7006000000037602,
      "min_time_ms": 1.3160000003153982,
      "max_time_ms": 2.1059999999124557,
      "std_dev_ms": 0.3080660723610625,
      "median_time_ms": 1.7368999997415813,
      "row_count": 54,
      "all_timings": [
        1.7368999997415813,
        1.8515000001571025,
        1.4925999998922634,
        1.3160000003153982,
        2.1059999999124557
      ]
    },
    "personal_student_schedule": {
      "category": "Student Interface",
      "avg_time_ms": 0.9107200000471494,
      "min_time_ms": 0.6809999999859428,
      "max_time_ms": 1.2811000001420325,
      "std_dev_ms": 0.24351202651587947,
      "median_time_ms": 0.7894000000305823,
      "row_count": 9,
      "all_timings": [
        1.0282000002916902,
        1.2811000001420325,
        0.7894000000305823,
        0.6809999999859428,
        0.773899999785499
      ]
    },
    "professor_schedule": {
      "category": "Professor Interface",
      "avg_time_ms": 5.128760000025068,
      "min_time_ms": 4.578000000037719,
      "max_time_ms": 5.756000000019412,
      "std_dev_ms": 0.5333049061802659,
      "median_time_ms": 4.9060999999710475,
      "row_count": 42,
      "all_timings": [
        5.756000000019412,
        5.638099999941915,
        4.9060999999710475,
        4.765600000155246,
        4.578000000037719
      ]
    },
    "total_planned": {
      "category": "Dashboard KPIs",
      "avg_time_ms": 3.251520000048913,
      "min_time_ms": 2.070000000003347,
      "max_time_ms": 5.302000000028784,
      "std_dev_ms": 1.3146687783615967,
      "median_time_ms": 3.137700000024779,
      "row_count": 1,
      "all_timings": [
        3.137700000024779,
        5.302000000028784,
        3.586299999824405,
        2.1616000003632507,
        2.070000000003347
      ]
    },
    "merged_count": {
      "category": "Dashboard KPIs",
      "avg_time_ms": 7.942240000011225,
      "min_time_ms": 7.621700000072451,
      "max_time_ms": 8.661999999731052,
      "std_dev_ms": 0.43483468459640057,
      "median_time_ms": 7.758100000046397,
      "row_count": 1,
      "all_timings": [
        8.661999999731052,
        8.03280000036466,
        7.758100000046397,
        7.636599999841565,
        7.621700000072451
      ]
    },
    "split_count": {
      "category": "Dashboard KPIs",
      "avg_time_ms": 7.657620000009047,
      "min_time_ms": 7.410799999888695,
      "max_time_ms": 7.850200000120822,
      "std_dev_ms": 0.17519753716079503,
      "median_time_ms": 7.6278999999885855,
      "row_count": 1,
      "all_timings": [
        7.850200000120822,
        7.598700000016834,
        7.6278999999885855,
        7.410799999888695,
        7.800500000030297
      ]
    },
    "room_distribution": {
      "category": "Dashboard KPIs",
      "avg_time_ms": 8.251019999897835,
      "min_time_ms": 7.748499999706837,
      "max_time_ms": 9.04629999968165,
      "std_dev_ms": 0.4871172414669788,
      "median_time_ms": 8.152200000040466,
      "row_count": 2,
      "all_timings": [
        9.04629999968165,
        8.020700000088254,
        8.152200000040466,
        7.748499999706837,
        8.287399999971967
      ]
    },
    "top_rooms": {
      "category": "Dashboard KPIs",
      "avg_time_ms": 9.156740000071295,
      "min_time_ms": 7.6376000001801,
      "max_time_ms": 14.615499999763415,
      "std_dev_ms": 3.054835693115672,
      "median_time_ms": 7.7613000003111665,
      "row_count": 65,
      "all_timings": [
        14.615499999763415,
        8.02350000003571,
        7.745800000066083,
        7.7613000003111665,
        7.6376000001801
      ]
    },
    "professor_load": {
      "category": "Dashboard KPIs",
      "avg_time_ms": 19.660879999901226,
      "min_time_ms": 19.488799999635376,
      "max_time_ms": 20.06889999984196,
      "std_dev_ms": 0.23977663982458805,
      "median_time_ms": 19.565000000056898,
      "row_count": 238,
      "all_timings": [
        20.06889999984196,
        19.488799999635376,
        19.677100000080827,
        19.565000000056898,
        19.50459999989107
      ]
    },
    "prof_conflicts": {
      "category": "Conflict Detection",
      "avg_time_ms": 51.22207999993407,
      "min_time_ms": 50.00479999989693,
      "max_time_ms": 52.69429999998465,
      "std_dev_ms": 1.0850037981972227,
      "median_time_ms": 51.21589999998832,
      "row_count": 2164,
      "all_timings": [
        51.81489999995392,
        50.380499999846506,
        51.21589999998832,
        50.00479999989693,
        52.69429999998465
      ]
    },
    "room_conflicts": {
      "category": "Conflict Detection",
      "avg_time_ms": 14.250079999874288,
      "min_time_ms": 14.072400000259222,
      "max_time_ms": 14.403799999854527,
      "std_dev_ms": 0.14888696037915983,
      "median_time_ms": 14.29199999984121,
      "row_count": 894,
      "all_timings": [
        14.072400000259222,
        14.403799999854527,
        14.29199999984121,
        14.366699999754928,
        14.115499999661552
      ]
    },
    "load_slots": {
      "category": "Scheduler Algorithm",
      "avg_time_ms": 1.0526399998525449,
      "min_time_ms": 0.6919000002199027,
      "max_time_ms": 1.442499999939173,
      "std_dev_ms": 0.31792678081731257,
      "median_time_ms": 1.0954999997920822,
      "row_count": 80,
      "all_timings": [
        0.7739999996374536,
        1.2592999996741128,
        1.442499999939173,
        0.6919000002199027,
        1.0954999997920822
      ]
    },
    "load_rooms": {
      "category": "Scheduler Algorithm",
      "avg_time_ms": 0.5083599999124999,
      "min_time_ms": 0.3928999999516236,
      "max_time_ms": 0.8948999998210638,
      "std_dev_ms": 0.2167311421581191,
      "median_time_ms": 0.4220000000714208,
      "row_count": 65,
      "all_timings": [
        0.4220000000714208,
        0.3982999996878789,
        0.3928999999516236,
        0.43370000003051246,
        0.8948999998210638
      ]
    },
    "load_groups": {
      "category": "Scheduler Algorithm",
      "avg_time_ms": 3.710380000029545,
      "min_time_ms": 3.0005999997229083,
      "max_time_ms": 4.180700000233628,