{
  "timestamp": "2026-01-15T22:57:06.531927",
  "database": "exam_timetabling",
  "results": {
    "departments": {
      "category": "Reference Data",
      "avg_time_ms": 0.43660000010277145,
      "min_time_ms": 0.34610000057000434,
      "max_time_ms": 0.6832999997641309,
      "std_dev_ms": 0.1404042731873567,
      "median_time_ms": 0.39319999996223487,
      "row_count": 7,
      "all_timings": [
        0.39319999996223487,
        0.35230000048613874,
        0.34610000057000434,
        0.40809999973134836,
        0.6832999997641309
      ]
    },
    "formations": {
      "category": "Reference Data",
      "avg_time_ms": 0.7189999998445273,
      "min_time_ms": 0.44130000060249586,
      "max_time_ms": 1.0956999994959915,
      "std_dev_ms": 0.2929223956713707,
      "median_time_ms": 0.6512999998449231,
      "row_count": 10,
      "all_timings": [
        0.9473999998590443,
        0.6512999998449231,
        0.45929999942018185,
        0.44130000060249586,
        1.0956999994959915
      ]
    },
    "periods_with_planning": {
      "category": "Reference Data",
      "avg_time_ms": 0.6358600001476589,
      "min_time_ms": 0.3935000004275935,
      "max_time_ms": 1.178500000605709,
      "std_dev_ms": 0.31126086026483973,
      "median_time_ms": 0.5167999997865991,
      "row_count": 1,
      "all_timings": [
        0.5167999997865991,
        0.5019999998694402,
        1.178500000605709,
        0.5885000000489526,
        0.3935000004275935
      ]
    },
    "student_schedule": {
      "category": "Student Interface",
      "avg_time_ms": 15.167840000140131,
      "min_time_ms": 7.037200000013399,
      "max_time_ms": 40.75929999999062,
      "std_dev_ms": 14.518511597264453,
      "median_time_ms": 7.780400000228838,
      "row_count": 54,
      "all_timings": [
        7.780400000228838,
        7.037200000013399,
        13.03009999992355,
        7.232200000544253,
        40.75929999999062
      ]
    },
    "personal_student_schedule": {
      "category": "Student Interface",
      "avg_time_ms": 10.913979999895673,
      "min_time_ms": 10.79109999955108,
      "max_time_ms": 11.126599999442988,
      "std_dev_ms": 0.1317080748119588,
      "median_time_ms": 10.901300000114134,
      "row_count": 9,
      "all_timings": [
        10.930000000371365,
        10.901300000114134,
        10.820899999998801,
        10.79109999955108,
        11.126599999442988
      ]
    },
    "professor_schedule": {
      "category": "Professor Interface",
      "avg_time_ms": 5.2803999999014195,
      "min_time_ms": 4.621899999619927,
      "max_time_ms": 6.770699999833596,
      "std_dev_ms": 0.8622944218035982,
      "median_time_ms": 4.942900000060035,
      "row_count": 48,
      "all_timings": [
        6.770699999833596,
        4.942900000060035,
        5.237599999418308,
        4.828900000575231,
        4.621899999619927
      ]
    },
    "total_planned": {
      "category": "Dashboard KPIs",
      "avg_time_ms": 3.7090199997692253,
      "min_time_ms": 2.9010999996899045,
      "max_time_ms": 5.64940000003844,
      "std_dev_ms": 1.1795153591063643,
      "median_time_ms": 3.0446000000665663,
      "row_count": 1,
      "all_timings": [
        5.64940000003844,
        2.9289999993125093,
        4.020999999738706,
        3.0446000000665663,
        2.9010999996899045
      ]
    },
    "merged_count": {
      "category": "Dashboard KPIs",
      "avg_time_ms": 8.743419999882462,
      "min_time_ms": 8.544199999960256,
      "max_time_ms": 9.016499999233929,
      "std_dev_ms": 0.17089893767605258,
      "median_time_ms": 8.711500000572414,
      "row_count": 1,
      "all_timings": [
        9.016499999233929,
        8.740700000089419,
        8.544199999960256,
        8.711500000572414,
        8.704199999556295
      ]
    },
    "split_count": {
      "category": "Dashboard KPIs",
      "avg_time_ms": 8.62855999966996,
      "min_time_ms": 8.187599999473605,
      "max_time_ms": 9.361499999613443,
      "std_dev_ms": 0.5231951099488866,
      "median_time_ms": 8.331799999723444,
      "row_count": 1,
      "all_timings": [
        9.001899999930174,
        9.361499999613443,
        8.331799999723444,
        8.259999999609136,
        8.187599999473605
      ]
    },
    "room_distribution": {
      "category": "Dashboard KPIs",
      "avg_time_ms": 6.550140000217652,
      "min_time_ms": 6.45870000062132,
      "max_time_ms": 6.671500000265951,
      "std_dev_ms": 0.07770683995063908,
      "median_time_ms": 6.542600000102539,
      "row_count": 2,
      "all_timings": [
        6.542600000102539,
        6.5583999994487385,
        6.519500000649714,
        6.671500000265951,
        6.45870000062132
      ]
    },
    "top_rooms": {
      "category": "Dashboard KPIs",
      "avg_time_ms": 6.483960000150546,
      "min_time_ms": 6.03659999978845,
      "max_time_ms": 6.884800000079849,
      "std_dev_ms": 0.3088464150573743,
      "median_time_ms": 6.4538000005995855,
      "row_count": 65,
      "all_timings": [
        6.884800000079849,
        6.6142000005129375,
        6.4303999997719075,
        6.4538000005995855,
        6.03659999978845
      ]
    },
    "professor_load": {
      "category": "Dashboard KPIs",
      "avg_time_ms": 16.320420000010927,
      "min_time_ms": 15.872400000262132,
      "max_time_ms": 16.878299999916635,
      "std_dev_ms": 0.4366556044500271,
      "median_time_ms": 16.09329999973852,
      "row_count": 238,
      "all_timings": [
        15.872400000262132,
        16.09329999973852,
        16.689099999894097,
        16.878299999916635,
        16.06900000024325
      ]
    },
    "prof_conflicts": {
      "category": "Conflict Detection",
      "avg_time_ms": 81.90463999981148,
      "min_time_ms": 79.13860000007844,
      "max_time_ms": 88.878399999885,
      "std_dev_ms": 3.95774309779803,
      "median_time_ms": 80.42079999995622,
      "row_count": 0,
      "all_timings": [
        80.42079999995622,
        88.878399999885,
        79.13860000007844,
        80.06359999944834,
        81.02179999968939
      ]
    },
    "room_conflicts": {
      "category": "Conflict Detection",
      "avg_time_ms": 12.228099999992992,
      "min_time_ms": 11.570700000447687,
      "max_time_ms": 13.178000000152679,
      "std_dev_ms": 0.5934610391401447,
      "median_time_ms": 12.173099999927217,
      "row_count": 1049,
      "all_timings": [
        13.178000000152679,
        12.173099999927217,
        12.25609999983135,
        11.570700000447687,
        11.962599999606027
      ]
    },
    "load_slots": {
      "category": "Scheduler Algorithm",
      "avg_time_ms": 1.0366399999838904,
      "min_time_ms": 0.8077000002231216,
      "max_time_ms": 1.449000000320666,
      "std_dev_ms": 0.2547699806908851,
      "median_time_ms": 0.9847999999692547,
      "row_count": 72,
      "all_timings": [
        0.9847999999692547,
        0.8571999997002422,
        1.449000000320666,
        0.8077000002231216,
        1.0844999997061677
      ]
    },
    "load_rooms": {
      "category": "Scheduler Algorithm",
      "avg_time_ms": 0.48424000015074853,
      "min_time_ms": 0.36550000004353933,
      "max_time_ms": 0.6898000001456239,
      "std_dev_ms": 0.1332465121633953,
      "median_time_ms": 0.4902000000583939,
      "row_count": 65,
      "all_timings": [
        0.36550000004353933,
        0.3660000002128072,
        0.4902000000583939,
        0.6898000001456239,
        0.5097000002933783
      ]
    },
    "load_groups": {
      "category": "Scheduler Algorithm",
      "avg_time_ms": 3.9981399999305722,
      "min_time_ms": 3.3189999994647224,
      "max_time_ms": 4.434000000401284,