{
  "timestamp": "2026-01-15T22:57:04.650030",
  "database": "exam_timetabling",
  "results": {
    "departments": {
      "category": "Reference Data",
      "avg_time_ms": 0.5542200002309983,
      "min_time_ms": 0.2967999998872983,
      "max_time_ms": 0.9855000007519266,
      "std_dev_ms": 0.2853913402606881,
      "median_time_ms": 0.4643000002033659,
      "row_count": 7,
      "all_timings": [
        0.4643000002033659,
        0.33630000052653486,
        0.2967999998872983,
        0.6881999997858657,
        0.9855000007519266
      ]
    },
    "formations": {
      "category": "Reference Data",
      "avg_time_ms": 0.5258399996819207,
      "min_time_ms": 0.3668999997898936,
      "max_time_ms": 1.1373999996067141,
      "std_dev_ms": 0.3419372646756194,
      "median_time_ms": 0.37259999953676015,
      "row_count": 10,
      "all_timings": [
        0.38390000008803327,
        0.37259999953676015,
        0.3668999997898936,
        0.36839999938820256,
        1.1373999996067141
      ]
    },
    "periods_with_planning": {
      "category": "Reference Data",
      "avg_time_ms": 0.3587600000173552,
      "min_time_ms": 0.34479999976611,
      "max_time_ms": 0.40999999964697054,
      "std_dev_ms": 0.028663443416748417,
      "median_time_ms": 0.3464999999778229,
      "row_count": 1,
      "all_timings": [
        0.40999999964697054,
        0.34479999976611,
        0.3464999999778229,
        0.3451000002314686,
        0.347400000464404
      ]
    },
    "student_schedule": {
      "category": "Student Interface",
      "avg_time_ms": 1.8933200000901707,
      "min_time_ms": 1.2747000000672415,
      "max_time_ms": 2.3681000002397923,
      "std_dev_ms": 0.4723945619436133,
      "median_time_ms": 2.1230000002105953,
      "row_count": 54,
      "all_timings": [
        2.3681000002397923,
        1.512699999693723,
        2.1881000002395012,
        2.1230000002105953,
        1.2747000000672415
      ]
    },
    "personal_student_schedule": {
      "category": "Student Interface",
      "avg_time_ms": 1.4302400000815396,
      "min_time_ms": 0.6354999995892285,
      "max_time_ms": 2.386600000136241,
      "std_dev_ms": 0.7969447492427081,
      "median_time_ms": 1.3558000000557513,
      "row_count": 9,
      "all_timings": [
        2.386600000136241,
        2.0884000005025882,
        1.3558000000557513,
        0.6849000001238892,
        0.6354999995892285
      ]
    },
    "professor_schedule": {
      "category": "Professor Interface",
      "avg_time_ms": 5.620200000339537,
      "min_time_ms": 5.162299999938114,
      "max_time_ms": 6.1334000001807,
      "std_dev_ms": 0.4314422673153728,
      "median_time_ms": 5.411300000560004,
      "row_count": 42,
      "all_timings": [
        6.1334000001807,
        6.025700000463985,
        5.162299999938114,
        5.411300000560004,
        5.368300000554882
      ]
    },
    "total_planned": {
      "category": "Dashboard KPIs",
      "avg_time_ms": 3.2124199999088887,
      "min_time_ms": 2.0239999994373647,
      "max_time_ms": 4.140399999414512,
      "std_dev_ms": 1.019402622677671,
      "median_time_ms": 3.7263000003804336,
      "row_count": 1,
      "all_timings": [
        3.7263000003804336,
        3.9765000001352746,
        2.194900000176858,
        2.0239999994373647,
        4.140399999414512
      ]
    },
    "merged_count": {
      "category": "Dashboard KPIs",
      "avg_time_ms": 12.718880000102217,
      "min_time_ms": 8.077000000412227,
      "max_time_ms": 18.104099999618484,
      "std_dev_ms": 4.217681674170376,
      "median_time_ms": 12.354899999991176,
      "row_count": 1,
      "all_timings": [
        18.104099999618484,
        15.723200000138604,
        12.354899999991176,
        9.335200000350596,
        8.077000000412227
      ]
    },
    "split_count": {
      "category": "Dashboard KPIs",
      "avg_time_ms": 7.8910199999882025,
      "min_time_ms": 7.534100000157196,
      "max_time_ms": 8.96310000007361,
      "std_dev_ms": 0.6110190971093984,
      "median_time_ms": 7.567700000436162,
      "row_count": 1,
      "all_timings": [
        8.96310000007361,
        7.827999999790336,
        7.56219999948371,
        7.534100000157196,
        7.567700000436162
      ]
    },
    "room_distribution": {
      "category": "Dashboard KPIs",
      "avg_time_ms": 7.699219999813067,
      "min_time_ms": 6.639499999437248,
      "max_time_ms": 9.727999999995518,
      "std_dev_ms": 1.190183018381756,
      "median_time_ms": 7.417300000270188,
      "row_count": 2,
      "all_timings": [
        9.727999999995518,
        7.1194000001924,
        7.417300000270188,
        7.591899999169982,
        6.639499999437248
      ]
    },
    "top_rooms": {
      "category": "Dashboard KPIs",
      "avg_time_ms": 14.641299999857438,
      "min_time_ms": 13.29009999972186,
      "max_time_ms": 15.948199999911594,
      "std_dev_ms": 1.1516596350066246,
      "median_time_ms": 14.345399999911024,
      "row_count": 65,
      "all_timings": [
        13.29009999972186,
        15.713099999629776,
        15.948199999911594,
        14.345399999911024,
        13.909700000112935
      ]
    },
    "professor_load": {
      "category": "Dashboard KPIs",
      "avg_time_ms": 23.41359999973065,
      "min_time_ms": 19.04779999949824,
      "max_time_ms": 29.762899999695946,
      "std_dev_ms": 4.61083693871799,
      "median_time_ms": 21.07259999957023,
      "row_count": 238,
      "all_timings": [
        26.76419999988866,
        29.762899999695946,
        21.07259999957023,
        20.420500000000175,
        19.04779999949824
      ]
    },
    "prof_conflicts": {
      "category": "Conflict Detection",
      "avg_time_ms": 75.11752000027627,
      "min_time_ms": 73.6841000007189,
      "max_time_ms": 77.05650000025344,
      "std_dev_ms": 1.3054125637958192,
      "median_time_ms": 75.16770000074757,
      "row_count": 0,
      "all_timings": [
        73.6841000007189,
        74.18959999995423,
        77.05650000025344,
        75.48969999970723,
        75.16770000074757
      ]
    },
    "room_conflicts": {
      "category": "Conflict Detection",
      "avg_time_ms": 14.708140000402636,
      "min_time_ms": 13.88180000049033,
      "max_time_ms": 16.064600000390783,
      "std_dev_ms": 0.9495964289740807,
      "median_time_ms": 14.262800000324205,
      "row_count": 1049,
      "all_timings": [
        16.064600000390783,
        14.00160000048345,
        15.329900000324415,
        13.88180000049033,
        14.262800000324205
      ]
    },
    "load_slots": {
      "category": "Scheduler Algorithm",
      "avg_time_ms": 1.2390799998684088,
      "min_time_ms": 0.9411999999429099,
      "max_time_ms": 1.6322000001309789,
      "std_dev_ms": 0.2919278968144247,
      "median_time_ms": 1.3272999995024293,
      "row_count": 72,
      "all_timings": [
        0.9563000003254274,
        1.3383999994402984,
        1.3272999995024293,
        0.9411999999429099,
        1.6322000001309789
      ]
    },
    "load_rooms": {
      "category": "Scheduler Algorithm",
      "avg_time_ms": 0.534940000034112,
      "min_time_ms": 0.4394999996293336,
      "max_time_ms": 0.6711000005452661,
      "std_dev_ms": 0.09426551883928969,
      "median_time_ms": 0.5019000000174856,
      "row_count": 65,
      "all_timings": [
        0.4394999996293336,
        0.5892999997740844,
        0.6711000005452661,
        0.5019000000174856,
        0.4729000002043904
      ]
    },
    "load_groups": {
      "category": "Scheduler Algorithm",
      "avg_time_ms": 3.83458000014798,
      "min_time_ms": 2.943999999843072,
      "max_time_ms": 4.755699999805074,